Metric,Value
MAE,2184.4845051396906
RMSE,2971.6862829168144
MAPE,701.493414189745
